Ascend_angle,Descend_angle_1,Descend_angle_2,Cruise_speed_m_per_s,Trip_distance_m,Cruise_altitude_m,Payload,Wind,Direction,?T-,Long_accel-,Lat_accel-,Jerk-
9,7,4,103,8893,916,1297,29,159,1,0,0,0
3,25,22,25,27544,896,403,15,135,1,0,0,0
26,6,3,39,10646,956,1061,18,69,1,0,0,0
3,21,18,34,18491,209,231,15,139,1,0,1,0
8,13,10,36,11080,799,1877,28,124,1,0,0,0
28,6,3,93,10989,674,1567,30,79,1,1,1,0
4,10,7,108,8061,859,1872,2,124,1,0,1,0
26,11,8,31,15483,702,1035,13,156,1,0,0,0
3,14,11,69,18236,883,767,3,170,1,0,0,0
24,28,25,26,12723,370,617,19,128,1,0,0,0
19,12,9,74,14500,261,602,26,166,1,0,2,0
28,8,5,39,8589,797,318,16,130,1,0,0,0
16,9,6,39,6222,585,431,22,174,1,0,0,0
27,8,5,30,9047,927,1970,4,97,1,0,0,0
18,6,3,23,11294,739,1024,14,57,1,0,0,0
30,17,14,74,21271,785,57,26,165,1,0,0,0
17,27,24,33,18646,320,270,21,141,1,0,0,0
3,9,6,38,16882,846,1188,27,118,1,0,0,0
5,13,10,54,8923,643,561,26,123,1,0,0,0
4,9,6,48,12468,464,1895,25,166,1,0,0,0
11,29,26,30,7231,402,1201,26,117,1,0,0,0
24,22,19,26,16235,670,1222,29,118,1,0,0,0
20,20,17,45,14690,947,791,24,154,1,0,0,0
21,17,14,59,7804,436,348,27,155,1,0,0,0
3,23,20,67,11544,917,609,7,8,1,2,1,0
22,21,18,38,6598,841,164,16,152,1,0,0,0
8,27,24,29,22586,340,581,28,127,1,0,0,0
19,16,13,53,18645,696,1767,20,165,1,0,0,0
9,22,19,36,28663,789,1055,24,153,1,0,0,0
28,7,4,49,6109,710,192,0,166,1,0,0,0
12,18,15,40,24153,792,97,15,154,1,0,0,0
6,19,16,24,8036,884,1760,21,139,1,0,0,0
9,12,9,23,22430,358,1351,18,118,1,0,0,0
6,20,17,70,8930,771,453,27,53,1,2,1,1
30,11,8,23,18469,242,416,25,161,1,0,0,0
5,25,22,40,6733,823,1618,23,25,1,2,1,1
4,12,9,34,7739,531,846,8,86,1,0,0,0
5,7,4,57,8044,898,1334,10,142,1,0,0,0
3,16,13,27,12270,819,1060,30,130,1,0,0,0
12,8,5,35,19808,226,756,21,132,1,0,0,0
25,22,19,51,19709,424,1308,30,179,1,0,0,0
25,30,27,48,16964,923,358,24,152,1,0,0,0
3,26,23,27,7797,868,532,19,15,1,1,1,0
4,20,17,97,9325,575,1148,14,136,1,2,2,0
6,16,13,85,6444,487,1271,0,63,1,2,2,1
27,17,14,66,13221,854,422,30,146,1,0,0,0
22,6,3,33,6357,690,1162,19,130,1,0,0,0
25,28,25,30,16694,676,550,20,175,1,0,0,0
15,30,27,31,28719,723,282,19,149,1,0,0,0
9,14,11,54,8874,852,1822,11,15,1,0,1,0
3,27,24,34,12822,803,1212,7,9,1,1,0,0
6,13,10,66,9288,985,1741,18,19,1,1,1,0
10,12,9,43,25850,761,532,16,160,1,0,0,0
16,16,13,52,21373,250,1366,27,180,1,0,0,0
18,21,18,34,27810,877,520,12,164,1,0,0,0
3,28,25,31,13261,829,1925,5,166,1,0,0,0
3,17,14,104,9645,752,1865,18,87,1,2,2,0
10,7,4,101,9144,567,289,12,8,1,0,2,0
3,20,17,77,16769,869,895,0,56,1,1,1,0
18,8,5,43,10866,985,1727,28,71,1,0,0,0
8,20,17,76,6170,738,1813,22,76,1,2,2,0
15,11,8,110,6919,698,90,24,177,1,0,1,1
11,20,17,77,17967,548,1407,29,172,1,0,0,0
6,8,5,72,8338,507,1293,9,38,1,0,0,0
16,8,5,79,8829,703,951,19,25,1,0,2,0
20,27,24,38,18435,976,934,14,166,1,0,0,0
19,7,4,91,7153,886,1178,30,21,1,1,2,0
27,6,3,58,12144,290,964,27,142,1,0,1,0
8,6,3,57,9656,921,972,17,147,1,0,0,0
18,14,11,32,24078,423,763,27,164,1,0,0,0
22,15,12,25,28667,832,1847,19,135,1,0,0,0
22,6,3,55,14431,987,263,14,45,1,0,0,0
9,26,23,49,8096,584,1936,28,166,1,0,0,0
19,24,21,40,8476,263,1447,27,151,1,0,0,0
6,11,8,23,17029,732,1353,27,161,1,0,0,0
13,24,21,25,9306,823,154,25,139,1,0,0,0
8,10,7,105,10171,996,1167,7,110,1,0,1,0
25,6,3,75,12664,959,1306,14,113,1,0,1,0
28,7,4,70,8293,581,1578,14,85,1,1,1,1
9,25,22,25,11620,262,894,29,128,1,0,0,0
27,7,4,51,6686,598,483,25,134,1,0,0,0
12,20,17,38,20783,687,372,30,142,1,0,0,0
28,6,3,76,11609,694,193,27,155,1,0,0,0
30,7,4,61,12924,856,1723,27,141,1,0,0,0
10,6,3,51,9814,872,1145,22,31,1,0,0,0
8,15,12,25,25648,606,217,18,120,1,0,0,0
3,22,19,23,15771,249,161,27,134,1,0,0,0
22,16,13,27,27310,621,1918,23,140,1,0,0,0
9,15,12,67,21208,779,1044,26,173,1,0,0,0
14,30,27,23,13620,846,622,20,127,1,0,0,0
20,15,12,43,26065,502,1669,25,135,1,0,0,0
28,10,7,43,11718,465,879,29,159,1,0,0,0
3,24,21,28,22830,563,1857,16,168,1,0,0,0
16,13,10,73,8076,920,1540,18,76,1,0,1,1
23,7,4,58,6182,864,488,2,101,1,0,0,0
27,26,23,41,8318,590,1762,29,175,1,1,0,0
26,6,3,25,25135,527,399,16,130,1,0,0,0
19,7,4,98,9157,791,124,18,6,1,1,2,0
3,22,19,82,13600,886,1566,16,82,1,2,2,0
11,18,15,24,23494,546,956,27,135,1,0,0,0
3,25,22,43,11103,746,435,15,64,1,1,1,0
8,10,7,46,12539,892,1175,7,165,1,0,0,0
11,9,6,36,6998,704,690,25,58,1,0,0,0
12,7,4,38,6796,558,977,12,144,1,0,0,0
7,23,20,51,6819,708,1672,27,2,1,2,1,1
4,23,20,57,7558,971,1228,28,163,1,0,0,0
23,22,19,28,6580,928,484,22,126,1,0,0,0
19,8,5,30,18781,595,420,24,128,1,0,0,0
19,26,23,23,24872,678,1118,28,157,1,1,0,0
27,12,9,25,22415,237,549,17,134,1,0,0,0
6,9,6,45,9723,847,196,28,149,1,0,0,0
14,8,5,22,11407,319,948,26,179,1,0,0,0
4,11,8,58,11439,600,214,17,32,1,0,1,0
17,10,7,91,8604,796,634,23,65,1,0,2,1
7,15,12,56,7448,933,991,7,120,1,0,0,0
26,6,3,109,10771,946,870,15,65,1,1,2,0
8,26,23,31,6939,810,712,1,154,1,0,0,0
7,6,3,46,25419,954,1074,29,162,1,0,0,0
3,6,3,96,14890,882,1994,26,66,1,0,1,0
30,8,5,63,7753,821,1693,10,124,1,0,1,0
10,30,27,56,13387,555,1071,22,179,1,0,0,0
26,20,17,25,18413,396,212,17,137,1,0,0,0
7,6,3,23,8548,889,139,1,75,1,0,0,0
7,26,23,94,6145,946,556,9,4,1,2,2,1
28,29,26,54,11109,821,1668,27,154,1,0,0,0
8,20,17,99,7755,841,659,27,39,1,2,3,1
16,26,23,35,25170,235,1818,19,179,1,0,0,0
3,23,20,41,6212,529,186,11,116,1,0,0,0
24,6,3,102,15779,991,1554,1,5,1,1,1,0
13,28,25,59,10278,901,1870,29,179,1,0,0,0
22,14,11,48,13446,387,1580,25,148,1,0,0,0
6,10,7,23,6394,961,567,3,132,1,0,0,0
17,16,13,87,16289,913,1586,30,179,1,0,0,0
24,11,8,39,19966,752,1571,18,142,1,0,0,0
3,8,5,77,15026,547,1729,30,37,1,0,1,0
6,13,10,101,9302,633,1047,10,112,1,0,2,1
28,10,7,56,7836,227,1529,23,179,1,0,1,0
3,18,15,23,13852,951,857,30,69,1,0,0,0
25,8,5,37,9728,846,1148,12,86,1,0,0,0
29,6,3,97,6596,584,1806,0,135,1,1,1,0
9,8,5,24,14499,860,1841,16,100,1,0,0,0
4,29,26,75,7802,1000,539,29,4,1,2,2,1
17,6,3,37,6719,971,284,19,124,1,0,0,0
12,17,14,26,8043,982,1451,17,75,1,0,0,0
16,9,6,86,6488,677,543,30,163,1,0,0,0
13,24,21,28,18127,855,1059,15,167,1,0,0,0
9,23,20,107,7148,896,1307,9,106,1,2,2,0
7,6,3,90,11905,832,1569,13,117,1,0,0,0
30,27,24,37,20958,601,868,30,127,1,0,0,0
3,27,24,61,9358,642,1580,0,101,1,2,2,0
24,10,7,46,8445,326,403,25,175,1,0,0,0
13,19,16,34,10801,229,1626,20,134,1,0,0,0
4,6,3,70,12221,626,618,25,91,1,0,0,0
29,6,3,33,13744,805,1965,19,85,1,0,0,0
5,23,20,75,8818,648,876,20,0,1,2,2,1
5,7,4,54,6506,966,1578,11,94,1,0,0,0
4,6,3,87,7804,886,186,9,143,1,0,0,0
27,13,10,106,6529,938,1677,3,140,1,2,2,1
28,8,5,51,11655,959,1701,22,148,1,0,0,0
4,12,9,39,6498,747,641,30,55,1,0,1,0
21,11,8,38,9712,725,617,20,136,1,0,0,0
7,29,26,81,8698,884,1556,1,164,1,2,2,0
28,28,25,36,19070,356,995,16,142,1,0,0,0
25,27,24,47,13264,794,501,20,179,1,0,0,0
15,19,16,35,17673,917,1087,29,158,1,0,0,0
5,28,25,33,9424,872,1021,30,166,1,1,1,0
3,28,25,34,9186,757,880,3,22,1,1,0,0
7,8,5,76,11130,953,1428,3,118,1,0,0,0
8,7,4,38,10630,657,465,29,66,1,0,0,0
4,6,3,26,6328,399,270,6,92,1,0,0,0
22,7,4,44,13242,292,606,19,176,1,0,0,0
22,18,15,27,8251,540,1570,16,133,1,0,0,0
18,22,19,52,16658,652,386,20,175,1,0,0,0
17,14,11,42,9927,542,1495,19,176,1,0,0,0
11,23,20,55,15701,696,1173,21,177,1,0,0,0
10,7,4,60,7944,650,113,20,50,1,0,0,0
16,13,10,36,28288,636,460,27,117,1,0,0,0
27,6,3,43,16745,919,305,0,65,1,0,0,0
28,13,10,22,6685,412,859,10,158,1,0,0,0
19,12,9,40,8481,746,574,19,148,1,0,0,0
21,11,8,66,12684,341,985,30,139,1,0,0,0
7,26,23,35,9649,739,428,18,173,1,0,0,0
6,11,8,56,7838,848,1397,9,174,1,0,0,0
9,6,3,67,12835,711,803,27,14,1,0,1,0
24,10,7,77,20147,843,1472,27,179,1,0,0,0
4,12,9,89,10300,779,1265,30,0,1,1,1,1
25,23,20,24,20470,878,60,29,136,1,0,0,0
27,22,19,31,29408,604,914,23,176,1,0,0,0
12,6,3,24,11787,216,1119,20,148,1,0,0,0
12,10,7,53,27311,440,1560,25,151,1,0,0,0
28,28,25,39,27028,708,988,15,163,1,0,0,0
19,7,4,96,6361,678,66,3,167,1,0,1,0
5,18,15,25,6265,554,1958,22,135,1,0,0,0
9,9,6,61,6629,257,451,27,159,1,0,0,0
8,15,12,50,7958,992,408,14,49,1,0,1,0
17,10,7,27,8700,842,814,7,176,1,0,0,0
3,9,6,38,10147,484,180,21,9,1,0,1,0
24,13,10,28,20759,644,642,28,135,1,0,0,0
14,29,26,29,26979,368,1736,18,176,1,0,0,0
4,14,11,65,11402,602,184,2,56,1,0,0,0
22,15,12,74,6065,883,1776,10,107,1,0,1,1
17,8,5,30,22298,532,859,19,176,1,0,0,0
16,26,23,35,8840,393,748,25,160,1,0,0,0
3,7,4,41,11204,364,1571,28,147,1,0,0,0
25,27,24,22,18133,211,1764,25,147,1,0,0,0
27,15,12,54,24793,259,1700,29,150,1,0,0,0
3,27,24,86,8829,528,1171,9,99,1,2,2,1
5,11,8,73,11016,763,456,15,35,1,0,1,0
11,8,5,73,6439,703,1752,10,12,1,0,0,0
16,17,14,50,22154,341,347,27,158,1,0,0,0
23,17,14,39,6665,969,865,21,175,1,0,0,0
8,22,19,35,22832,416,1430,27,129,1,0,0,0
23,18,15,33,17935,345,576,25,176,1,0,0,0
7,14,11,25,10305,859,1941,15,119,1,0,0,0
12,9,6,40,6485,923,1641,0,170,1,0,0,0
19,6,3,38,17790,978,1931,19,9,1,0,0,0
7,21,18,110,7313,992,1365,15,20,1,2,2,1
6,30,27,76,16417,293,1255,29,158,1,1,1,1
24,18,15,25,15892,906,854,24,179,1,0,0,0
10,6,3,102,8242,727,25,11,92,1,0,1,0
3,15,12,44,28361,447,1838,27,139,1,0,0,0
16,12,9,46,28546,665,727,22,160,1,0,0,0
5,18,15,41,15622,559,201,29,120,1,0,0,0
26,27,24,23,13212,649,1410,28,126,1,0,0,0
11,7,4,100,16133,928,1780,1,161,1,0,1,0
28,6,3,33,15542,929,1459,21,66,1,0,0,0
25,27,24,26,23122,470,128,26,111,1,0,0,0
4,9,6,22,11832,749,1176,27,157,1,0,0,0
19,10,7,88,8891,969,1454,10,5,1,0,2,0
30,7,4,31,8410,901,1840,1,76,1,0,0,0
12,28,25,58,19552,794,403,28,155,1,0,0,0
24,23,20,28,27064,381,1305,27,152,1,0,0,0
24,10,7,84,7123,955,1227,1,159,1,0,1,0
11,9,6,27,13502,624,1267,15,128,1,0,0,0
18,26,23,36,23633,865,737,15,154,1,0,0,0
27,13,10,34,21207,561,999,21,132,1,0,0,0
10,9,6,33,6510,497,1782,8,174,1,0,0,0
23,19,16,28,27700,734,1321,18,162,1,0,0,0
18,23,20,60,10723,259,1755,23,159,1,0,1,0
25,9,6,102,6394,795,1750,14,121,1,1,1,0
12,10,7,67,6048,728,1914,10,42,1,0,0,0
24,28,25,31,24088,637,938,30,159,1,1,0,0
12,18,15,25,11381,342,1144,21,140,1,0,0,0
28,8,5,25,29483,498,272,23,171,1,0,0,0
3,6,3,99,13037,757,1021,24,67,1,0,1,0
15,17,14,39,9210,974,292,20,144,1,0,0,0
10,29,26,44,20318,843,510,24,134,1,0,0,0
3,20,17,56,10259,506,988,28,94,1,0,0,0
9,26,23,30,20727,330,1097,17,180,1,0,0,0
22,17,14,39,11226,556,432,25,162,1,0,0,0
25,30,27,71,22078,213,1863,29,164,1,1,2,1
11,10,7,24,10441,822,1833,20,14,1,0,0,0
4,10,7,81,17777,855,515,15,22,1,0,1,0
5,11,8,48,25817,520,373,27,127,1,0,0,0
9,28,25,43,20016,616,1581,18,161,1,0,0,0
5,8,5,64,7603,616,1027,7,8,1,0,0,0
3,6,3,61,13365,685,816,17,84,1,0,0,0
9,28,25,55,6044,910,1085,27,160,1,0,0,0
29,8,5,78,24995,220,857,28,169,1,0,2,0
26,19,16,62,8304,831,653,28,151,1,0,0,0
7,19,16,73,6258,780,476,16,152,1,0,0,0
18,6,3,58,21597,214,1973,24,170,1,0,0,0
4,21,18,82,12434,844,1327,2,63,1,2,2,0
22,19,16,25,17854,859,698,26,131,1,0,0,0
4,7,4,64,10417,574,1008,19,54,1,0,0,0
3,21,18,65,6665,896,1674,12,24,1,2,1,0
5,14,11,109,10488,961,673,19,112,1,0,2,0
11,8,5,26,9070,985,985,25,13,1,0,0,0
20,30,27,38,28841,215,1447,17,153,1,0,1,0
18,8,5,54,6041,491,1683,27,160,1,0,0,0
24,22,19,22,28277,864,833,14,164,1,0,0,0
18,22,19,33,13358,736,726,28,119,1,0,0,0
26,12,9,62,19391,347,1428,24,173,1,0,0,0
13,17,14,43,29403,725,922,28,158,1,0,0,0
29,28,25,36,27756,411,1908,24,161,1,0,0,0
15,20,17,25,18167,441,911,28,141,1,0,0,0
13,16,13,110,8151,1000,716,30,29,1,2,3,2
11,6,3,95,8758,820,705,3,8,1,0,1,0
7,22,19,84,24877,298,860,30,160,1,1,1,0
17,6,3,66,14819,924,1993,19,153,1,0,0,0
10,30,27,43,23542,876,945,28,134,1,0,0,0
18,7,4,32,24108,931,1363,22,146,1,0,0,0
3,19,16,33,11976,684,1549,11,77,1,0,0,0
22,12,9,29,18418,770,249,23,162,1,0,0,0
17,26,23,54,23515,820,521,27,176,1,0,0,0
20,7,4,22,10004,976,200,1,92,1,0,0,0
27,16,13,53,22919,620,926,27,157,1,0,0,0
19,23,20,31,17594,488,518,20,156,1,0,0,0
21,10,7,30,24960,655,312,28,160,1,0,0,0
6,14,11,98,10600,801,1917,9,3,1,1,2,0
18,7,4,89,6372,563,673,2,128,1,0,1,0
5,22,19,34,16949,994,998,29,148,1,0,0,0
5,7,4,50,10802,942,1878,22,119,1,0,0,0
15,20,17,39,10238,794,1732,22,162,1,0,0,0
23,27,24,30,23529,284,91,16,140,1,0,0,0
4,12,9,31,9919,581,106,29,160,1,0,0,0
30,23,20,32,8308,467,1398,25,139,1,0,0,0
24,7,4,108,11913,994,504,12,84,1,1,2,0
20,24,21,32,28072,982,1149,18,151,1,0,0,0
12,12,9,75,8325,944,1991,6,46,1,0,1,0
9,6,3,74,15732,909,245,16,51,1,0,0,0
7,14,11,96,8835,849,1137,9,122,1,0,1,0
5,18,15,34,6648,588,1296,22,23,1,1,1,0
6,20,17,79,9992,809,924,17,139,1,0,0,0
12,20,17,64,25536,983,1098,30,148,1,0,0,0
18,7,4,52,13970,386,661,26,133,1,0,0,0
10,10,7,67,6372,687,1575,19,118,1,0,0,0
4,9,6,51,16044,980,183,17,153,1,0,0,0
18,8,5,99,12649,955,755,17,174,1,0,1,0
9,19,16,52,6728,936,1834,23,177,1,0,0,0
14,15,12,26,29465,229,893,20,146,1,0,0,0
18,8,5,32,23343,826,46,27,161,1,0,0,0
4,20,17,87,12017,766,290,27,139,1,0,1,0
5,13,10,29,6365,718,586,21,90,1,0,0,0
21,24,21,81,11564,980,1281,30,177,1,0,0,0
7,17,14,41,6911,368,1766,30,145,1,0,0,0
6,21,18,33,7925,965,1330,17,92,1,0,0,0
16,7,4,75,6355,618,507,19,113,1,0,1,0
23,14,11,51,26288,702,70,19,179,1,0,0,0
3,6,3,57,27363,809,1824,21,130,1,0,0,0
18,29,26,59,9050,732,733,29,141,1,0,0,0
23,9,6,34,22376,649,1631,16,176,1,0,0,0
11,21,18,90,6392,831,1682,16,55,1,2,3,1
29,19,16,25,29798,868,1802,22,170,1,0,0,0
6,8,5,23,22002,643,1242,30,180,1,0,0,0
3,29,26,50,11777,864,493,25,161,1,0,0,0
17,8,5,28,21733,604,1751,21,165,1,0,0,0
3,29,26,34,16912,870,238,20,136,1,0,0,0
6,25,22,36,7062,798,1694,25,10,1,2,1,1
29,22,19,71,12079,282,1409,29,149,1,0,2,0
29,17,14,30,19952,971,598,23,125,1,0,0,0
3,8,5,109,19625,849,1629,30,179,1,0,0,0
20,8,5,66,26138,712,1651,27,160,1,0,0,0
3,28,25,52,12491,838,1669,17,68,1,2,1,0
4,11,8,107,15664,756,866,15,14,1,1,2,1
4,18,15,35,6073,630,539,2,101,1,0,0,0
21,22,19,30,11041,927,1327,24,168,1,0,0,0
5,29,26,54,14063,405,45,23,169,1,0,0,0
5,15,12,81,13587,992,844,13,60,1,1,1,0
26,17,14,49,6965,554,751,29,129,1,0,0,0
9,11,8,100,6678,582,410,22,19,1,1,3,0
11,9,6,80,6151,815,822,3,132,1,0,0,0
15,8,5,27,12982,321,668,21,133,1,0,0,0
5,22,19,101,8111,665,101,12,157,1,2,2,0
3,15,12,102,19126,840,1366,18,65,1,1,2,0
7,8,5,97,16816,933,477,18,32,1,0,1,0
29,7,4,69,6936,580,1779,5,12,1,1,1,0
5,16,13,44,8647,902,561,13,38,1,0,1,0
12,20,17,70,11541,237,1560,28,171,1,0,1,0
3,10,7,91,6476,614,899,30,3,1,1,1,0
7,7,4,32,6352,979,510,15,49,1,0,0,0
14,11,8,60,13117,957,1855,25,176,1,0,0,0
21,23,20,26,21500,871,576,19,142,1,0,0,0
11,11,8,64,6174,620,772,10,105,1,0,0,0
13,30,27,65,26932,748,1982,27,163,1,0,0,0
24,16,13,51,14029,603,246,23,172,1,0,0,0
4,7,4,97,10700,772,522,18,118,1,0,0,0
9,30,27,24,25097,576,881,11,141,1,0,0,0
3,11,8,26,13069,517,207,22,75,1,0,0,0
12,24,21,37,6392,949,1315,26,90,1,0,0,0
5,7,4,57,8140,426,1100,5,25,1,0,0,0
21,15,12,57,6911,904,1362,26,168,1,0,0,0
8,9,6,79,6067,679,608,29,75,1,0,1,0
19,14,11,26,6336,946,1684,18,12,1,0,1,0
3,29,26,109,6644,633,1420,4,39,1,2,2,1
10,17,14,35,7249,795,1747,0,30,1,0,0,0
18,7,4,33,20950,773,831,21,144,1,0,0,0
17,25,22,56,29469,492,1669,26,178,1,0,0,0
4,17,14,63,25972,615,1886,29,160,1,0,0,0
6,6,3,80,6007,676,594,4,158,1,0,0,0
3,20,17,63,6699,864,1543,11,71,1,1,1,0
4,10,7,109,6215,804,1653,17,26,1,1,1,0
14,18,15,30,21487,960,1001,27,162,1,0,0,0
9,29,26,51,11741,622,1301,26,148,1,0,0,0
19,24,21,28,27590,783,1016,25,132,1,0,0,0
4,9,6,79,14257,690,1801,26,134,1,0,0,0
28,12,9,26,10170,924,1445,21,179,1,0,0,0
13,8,5,37,18153,952,1981,25,141,1,0,0,0
11,9,6,23,26848,698,677,16,172,1,0,0,0
3,21,18,39,13980,811,83,22,72,1,1,0,0
20,22,19,59,28204,381,114,28,175,1,0,0,0
6,13,10,78,8061,914,374,30,90,1,0,0,0
12,6,3,99,8714,877,1417,8,177,1,0,1,0
25,22,19,31,18863,286,1859,21,134,1,0,0,0
6,12,9,98,10839,736,1202,23,99,1,0,1,0
4,9,6,53,14233,452,945,24,175,1,0,0,0
9,21,18,57,7878,998,1835,9,77,1,1,1,0
19,8,5,31,7953,705,1144,3,28,1,0,0,0
3,9,6,94,18538,787,378,26,92,1,0,0,0
13,9,6,60,6698,552,80,6,97,1,0,0,0
17,30,27,41,9588,703,1088,22,132,1,0,0,0
20,6,3,31,14048,995,599,14,37,1,0,0,0
9,6,3,43,16105,932,590,4,127,1,0,0,0
5,21,18,109,11980,983,632,18,58,1,2,2,1
5,25,22,46,22834,768,1623,19,163,1,0,0,0
11,12,9,33,17209,219,1494,30,173,1,0,0,0
26,27,24,71,19580,587,1414,30,147,1,0,1,0
16,23,20,28,13727,686,284,14,174,1,0,0,0
29,8,5,48,28393,614,1149,24,160,1,0,0,0
19,7,4,56,9077,898,1290,28,164,1,0,0,0
7,11,8,45,27451,832,1249,19,167,1,0,0,0
20,11,8,75,6163,754,956,23,129,1,0,0,0
22,9,6,49,9540,716,1427,27,173,1,0,0,0
3,25,22,60,7801,809,1537,22,120,1,0,0,0
21,10,7,72,8549,947,1336,20,145,1,0,0,0
5,11,8,55,21158,778,1258,26,157,1,0,0,0
25,20,17,54,20753,758,1052,24,149,1,0,0,0
13,7,4,95,8993,704,1501,0,40,1,0,1,0
29,11,8,35,9349,537,1602,19,148,1,0,0,0
8,14,11,31,18089,245,29,30,147,1,0,0,0
3,21,18,24,11980,800,1266,5,95,1,0,0,0
13,18,15,63,11148,826,947,23,164,1,0,0,0
3,12,9,83,19611,978,42,0,155,1,0,0,0
26,8,5,36,10675,622,1632,20,149,1,0,0,0
4,30,27,108,11301,797,65,3,127,1,2,2,1
10,22,19,39,17924,823,172,23,171,1,0,0,0
26,28,25,36,28758,379,514,24,138,1,0,0,0
5,8,5,50,19010,861,1700,23,171,1,0,0,0
3,20,17,85,20171,941,1944,23,108,1,1,0,0
30,7,4,40,21401,751,66,22,153,1,0,0,0
4,6,3,42,17232,974,1363,29,171,1,0,0,0
26,26,23,28,7014,776,653,24,156,1,0,0,0
4,6,3,33,26498,690,1248,17,144,1,0,0,0
29,11,8,33,24274,707,370,16,152,1,0,0,0
15,14,11,81,6640,270,1829,30,179,1,0,2,0
7,6,3,84,12132,694,578,13,20,1,0,0,0
7,25,22,76,17609,571,409,28,178,1,0,1,0
26,16,13,35,9483,309,1984,18,140,1,0,0,0
3,23,20,51,12933,749,1998,20,135,1,0,0,0
21,30,27,35,15920,287,70,26,146,1,0,0,0
15,29,26,59,10548,342,1227,27,154,1,0,1,0
4,24,21,42,13635,880,1687,2,77,1,0,0,0
3,8,5,66,18702,691,1952,20,162,1,0,0,0
28,14,11,32,14626,231,1893,29,160,1,0,0,0
23,23,20,37,14042,610,446,18,171,1,0,0,0
5,24,21,96,6944,834,906,17,150,1,2,1,0
5,26,23,91,12692,991,975,7,85,1,2,2,0
25,15,12,69,19968,445,1484,26,168,1,0,0,0
7,20,17,22,17755,680,232,27,176,1,0,0,0
5,25,22,53,18051,805,838,27,150,1,0,0,0
30,25,22,54,27330,794,1211,30,146,1,0,0,0
11,11,8,66,11009,963,492,29,46,1,1,1,0
7,9,6,50,8741,717,1834,17,1,1,0,1,0
3,8,5,75,18834,849,1695,18,5,1,0,1,0
4,9,6,25,7749,751,1351,5,105,1,0,0,0
4,21,18,59,7216,998,1091,11,58,1,1,1,0
21,8,5,106,7421,894,357,9,34,1,1,2,0
20,21,18,35,20750,276,148,15,146,1,0,0,0
17,25,22,45,20555,561,525,29,141,1,0,0,0
27,7,4,59,7165,928,1435,3,49,1,0,1,0
7,13,10,55,11503,893,1385,10,148,1,0,0,0
17,18,15,36,13394,727,1526,28,156,1,0,0,0
29,27,24,31,29107,576,1604,14,175,1,0,0,0
6,13,10,41,7046,704,1611,20,141,1,0,0,0
25,19,16,34,20535,437,126,20,158,1,0,0,0
5,13,10,37,6091,477,1801,0,8,1,0,0,0
7,12,9,56,12829,939,679,14,67,1,0,0,0
13,14,11,85,7296,933,1323,27,87,1,1,1,0
26,11,8,60,24141,293,1362,28,158,1,0,0,0
21,7,4,82,9435,822,1874,26,85,1,0,1,0
26,8,5,22,7118,410,76,15,137,1,0,0,0
21,8,5,56,8437,769,450,16,116,1,0,0,0
7,26,23,46,10738,807,892,21,146,1,0,0,0
19,17,14,32,14956,581,1955,24,160,1,0,0,0
21,29,26,24,8181,267,1454,15,123,1,0,0,0
14,21,18,35,28058,598,55,26,143,1,0,0,0
17,19,16,45,16743,544,48,18,168,1,0,0,0
3,8,5,42,17036,734,1973,29,113,1,0,0,0
5,8,5,93,6953,598,1503,12,146,1,0,0,0
3,14,11,37,11008,832,181,7,173,1,0,0,0
25,11,8,46,8175,307,1959,24,172,1,0,0,0
5,19,16,57,28568,558,456,25,171,1,0,0,0
15,6,3,49,9121,848,294,15,130,1,0,0,0
21,28,25,25,27107,980,936,29,108,1,0,0,0
10,7,4,35,15040,388,113,18,145,1,0,0,0
13,6,3,96,15623,923,1365,12,169,1,0,0,0
4,7,4,68,13455,738,1178,29,174,1,0,0,0
28,29,26,29,11536,818,807,29,176,1,1,1,0
28,7,4,49,7312,627,878,25,76,1,1,1,0
5,19,16,78,28634,594,459,30,179,1,0,0,0
6,19,16,104,8975,829,1926,10,165,1,2,2,0
6,10,7,40,17819,741,364,17,157,1,0,0,0
14,23,20,25,12740,402,609,21,147,1,0,0,0
22,12,9,105,6887,899,529,20,39,1,2,2,1
15,7,4,32,19740,224,470,15,146,1,0,0,0
21,11,8,38,28678,369,1067,19,160,1,0,0,0
4,16,13,75,10907,925,1691,5,174,1,0,0,0
27,18,15,49,19596,975,773,30,138,1,0,0,0
28,16,13,22,24835,449,844,20,153,1,0,0,0
19,19,16,51,11323,696,1534,22,156,1,0,0,0
11,8,5,55,10090,688,892,28,45,1,0,1,0
28,6,3,44,16829,926,1572,29,75,1,0,0,0
30,12,9,31,19921,373,1432,21,139,1,0,0,0
15,7,4,23,15353,461,1455,17,180,1,0,0,0
14,8,5,103,7359,904,1024,18,26,1,0,2,0
13,24,21,34,10298,943,1875,23,142,1,0,0,0
5,12,9,34,10122,603,817,12,43,1,0,0,0
17,7,4,70,10468,830,1706,3,57,1,0,0,0
13,7,4,60,6464,860,244,4,31,1,0,0,0
12,9,6,23,7214,748,278,1,5,1,0,0,0
5,10,7,35,6832,727,1428,14,178,1,0,0,0
22,7,4,52,24944,934,45,28,144,1,0,0,0
23,25,22,22,10244,248,634,8,152,1,0,0,0
3,12,9,71,21770,943,1480,19,103,1,0,0,0
24,10,7,45,11211,333,1148,29,174,1,0,0,0
16,16,13,24,14830,586,1907,23,148,1,0,0,0
19,25,22,22,12960,247,1467,8,175,1,0,0,0
26,7,4,33,20260,403,53,30,114,1,0,0,0
3,14,11,110,11552,909,420,5,99,1,1,2,0
5,21,18,46,19155,250,944,18,169,1,0,1,0
4,30,27,52,29124,283,701,30,166,1,0,0,0
4,30,27,91,11369,828,35,7,78,1,2,2,1
22,30,27,32,17823,376,1153,30,170,1,1,1,0
7,6,3,107,8311,490,1703,25,159,1,0,0,0
21,16,13,54,13494,640,108,20,164,1,0,0,0
15,7,4,95,7389,524,207,0,147,1,0,1,0
9,24,21,64,8122,997,944,9,7,1,2,1,0
4,11,8,104,9928,597,44,26,147,1,0,1,0
22,7,4,22,23301,265,1390,26,121,1,0,0,0
9,13,10,42,8883,908,369,19,88,1,0,0,0
26,29,26,25,16114,326,479,17,154,1,0,0,0
8,19,16,94,6594,804,50,27,176,1,0,0,0
17,9,6,67,7722,856,995,21,180,1,0,0,0
3,17,14,110,12574,702,1796,4,109,1,2,2,0
8,27,24,65,16434,207,138,29,174,1,1,1,1
5,6,3,81,11237,704,365,11,118,1,0,0,0
11,7,4,102,9475,828,1064,2,160,1,0,1,0
10,18,15,47,23818,418,2,23,174,1,0,0,0
4,15,12,22,7789,443,1499,21,27,1,0,1,0
5,11,8,23,11329,926,1297,6,77,1,0,0,0
18,6,3,65,7268,406,1953,7,116,1,0,1,1
23,10,7,34,7853,915,1031,23,19,1,0,1,0
3,28,25,62,10356,613,705,19,17,1,2,2,2
4,27,24,81,11181,986,792,29,141,1,0,0,0
16,22,19,22,9712,431,158,15,172,1,0,0,0
12,10,7,25,7672,873,1937,17,94,1,0,0,0
7,22,19,30,8617,907,1144,18,84,1,0,0,0
9,26,23,100,7251,894,910,1,144,1,2,2,0
22,20,17,26,15493,826,102,14,175,1,0,0,0
6,21,18,46,13379,561,1136,28,176,1,0,0,0
4,17,14,59,15156,353,1795,25,165,1,0,0,0
21,20,17,61,7196,584,1063,23,154,1,0,0,0
6,27,24,31,13391,933,156,17,151,1,0,0,0
15,7,4,100,8544,758,165,15,138,1,0,1,0
28,6,3,89,12268,808,1,12,119,1,1,1,0
26,16,13,62,25897,363,1154,24,179,1,0,0,0
17,14,11,33,9595,974,1633,27,145,1,0,0,0
14,16,13,24,6106,950,1738,11,116,1,0,0,0
13,28,25,58,11066,386,1510,24,143,1,0,1,0
4,27,24,56,21909,327,885,28,163,1,0,0,0
10,13,10,94,8153,874,252,8,94,1,0,1,0
4,15,12,56,13677,309,389,27,156,1,0,0,0
5,25,22,53,28166,862,1438,29,164,1,0,0,0
13,14,11,52,25310,626,294,24,143,1,0,0,0
8,6,3,77,10937,734,1269,18,158,1,0,0,0
6,19,16,35,7614,618,1213,27,120,1,0,0,0
16,10,7,97,7266,881,479,9,133,1,0,1,0
9,7,4,98,9465,514,1540,22,167,1,0,0,1
26,16,13,78,7434,836,1645,29,172,1,0,0,0
21,8,5,106,9425,821,506,15,55,1,1,2,0
3,13,10,68,11338,605,509,10,37,1,0,1,0
10,7,4,31,21301,906,1586,15,168,1,0,0,0
19,15,12,23,27664,399,1158,20,171,1,0,0,0
7,12,9,71,9815,778,1192,27,81,1,0,0,0
3,7,4,76,19982,897,1491,23,113,1,0,0,0
30,19,16,48,8961,991,585,23,142,1,0,0,0
10,14,11,61,7750,947,863,10,89,1,0,0,0
11,22,19,66,26671,812,1538,25,177,1,0,0,0
23,30,27,39,29011,513,1478,23,132,1,0,0,0
23,11,8,27,6180,688,555,21,129,1,0,0,0
11,18,15,41,23435,435,1251,16,155,1,0,0,0
3,6,3,95,13882,724,1500,30,88,1,0,0,0
12,30,27,27,29299,204,780,22,172,1,0,0,0
16,7,4,31,8506,555,507,1,12,1,0,0,0
5,29,26,109,7252,734,1922,25,75,1,2,2,2
18,26,23,30,12908,357,361,30,173,1,1,1,0
22,21,18,55,16395,596,533,26,170,1,0,0,0
8,7,4,73,14858,898,308,29,4,1,0,1,0
5,25,22,42,21901,999,1927,15,161,1,0,0,0
5,20,17,81,9198,989,297,4,35,1,1,1,0
4,11,8,22,18787,738,506,27,117,1,0,0,0
3,16,13,37,9380,648,419,21,49,1,1,1,0
9,6,3,110,10518,513,1586,0,22,1,0,1,0
15,9,6,77,7769,778,1039,20,22,1,0,2,0
15,8,5,45,7152,624,1250,18,51,1,0,0,0
11,11,8,102,8492,871,289,5,13,1,1,2,0
14,10,7,30,8588,974,1789,23,123,1,0,0,0
6,26,23,61,21272,350,256,25,145,1,0,1,0
4,6,3,95,7396,620,449,14,59,1,0,0,0
3,9,6,72,10712,623,845,16,39,1,0,1,0
3,9,6,90,13649,524,1754,24,102,1,0,0,0
29,6,3,110,6264,398,580,25,146,1,1,1,1
4,10,7,50,11696,627,1275,24,83,1,0,0,0
9,6,3,33,7859,875,1055,22,37,1,0,0,0
30,10,7,74,23090,804,1654,29,172,1,0,0,0
3,10,7,40,10836,548,273,0,149,1,0,0,0
3,22,19,27,27573,826,940,18,139,1,0,0,0
16,29,26,23,7706,246,119,30,139,1,1,0,0
20,25,22,46,21035,974,1260,22,153,1,0,0,0
29,28,25,48,27253,863,555,20,153,1,0,0,0
8,8,5,33,22310,715,533,26,132,1,0,0,0
7,9,6,37,9750,622,1924,4,158,1,0,0,0
11,24,21,36,23927,931,20,29,134,1,0,0,0
23,8,5,49,26742,470,1406,19,159,1,0,0,0
4,17,14,59,16241,658,1196,24,151,1,0,0,0
4,17,14,100,7438,468,798,1,127,1,2,2,0
20,25,22,56,28843,302,1772,29,132,1,0,1,0
22,20,17,80,19506,282,1507,28,172,1,0,2,0
5,9,6,72,11316,993,1453,9,6,1,0,0,0
11,6,3,84,6504,642,1414,30,168,1,0,0,0
9,28,25,28,11075,238,975,30,174,1,2,1,1
29,29,26,43,20750,985,1600,15,168,1,0,0,0
30,29,26,50,9915,914,247,29,138,1,0,0,0
26,18,15,23,27366,403,1241,28,109,1,0,0,0
10,7,4,100,10040,789,1281,27,124,1,0,0,0
20,21,18,23,27439,456,1372,25,138,1,0,0,0
7,10,7,64,6838,774,24,3,73,1,0,0,0
15,11,8,47,24794,674,119,23,136,1,0,0,0
26,28,25,45,7047,315,1999,23,157,1,0,0,0
3,27,24,73,6214,589,148,7,174,1,2,1,0
5,28,25,31,9417,714,1722,24,5,1,2,1,1
7,7,4,78,10174,588,1710,7,24,1,0,0,0
3,20,17,55,17216,801,558,2,73,1,0,0,0
3,13,10,66,17279,911,1982,5,159,1,0,0,0
26,23,20,36,20529,648,1229,22,130,1,0,0,0
11,6,3,53,6691,507,1155,10,14,1,0,0,0
3,15,12,103,9590,927,334,3,98,1,1,2,0
26,24,21,23,17808,615,1621,30,116,1,0,0,0
3,17,14,93,8864,974,146,1,24,1,1,1,0
3,19,16,32,21153,962,924,30,78,1,0,0,0
8,21,18,30,27640,679,1908,29,178,1,0,0,0
18,17,14,66,15763,854,105,25,163,1,0,0,0
6,11,8,58,27376,880,577,29,173,1,0,0,0
5,10,7,29,6088,659,131,19,24,1,0,0,0
5,19,16,71,6218,846,1144,27,163,1,0,0,0
22,6,3,99,10113,711,1379,29,148,1,0,1,0
15,20,17,58,14060,694,1161,28,180,1,0,0,0
17,15,12,38,29874,884,910,22,173,1,0,0,0
3,13,10,104,6901,352,1191,21,32,1,2,3,1
23,29,26,70,19269,472,1004,28,174,1,0,1,0
9,23,20,35,14535,745,242,22,152,1,0,0,0
21,7,4,53,12211,928,911,25,85,1,0,0,0
18,6,3,46,24927,864,1259,20,180,1,0,0,0
9,29,26,29,11201,766,731,21,151,1,0,0,0
11,9,6,41,9147,668,1837,29,24,1,0,1,0
3,28,25,78,8124,681,1501,17,117,1,2,2,0
3,9,6,85,18320,954,971,0,135,1,0,0,0
12,15,12,25,15642,201,22,30,158,1,0,0,0
5,20,17,106,7978,769,161,14,42,1,2,2,1
28,24,21,36,7184,601,474,23,162,1,0,0,0
22,14,11,51,14170,477,135,27,154,1,0,0,0
24,11,8,67,12113,454,1088,25,159,1,0,0,0
13,16,13,24,27291,264,1737,27,120,1,0,0,0
7,24,21,59,15170,864,1420,29,180,1,0,0,0
22,21,18,37,28344,278,1218,21,178,1,0,0,0
27,28,25,32,22037,959,598,22,169,1,0,0,0
6,30,27,42,9386,916,1910,23,76,1,2,1,0
3,23,20,84,9517,608,848,16,84,1,2,2,0
13,15,12,54,14945,906,1795,24,170,1,0,0,0
30,8,5,52,9248,999,9,15,147,1,0,0,0
27,13,10,50,29950,650,1045,20,169,1,0,0,0
5,20,17,36,19827,497,68,24,162,1,0,0,0
27,19,16,61,22744,794,1418,26,176,1,0,0,0
10,24,21,55,15997,947,1003,30,179,1,0,0,0
9,17,14,27,9657,711,797,12,161,1,0,0,0
19,20,17,38,16820,991,1309,24,130,1,0,0,0
5,6,3,99,12615,658,1252,11,4,1,0,1,0
19,6,3,52,15380,792,959,5,55,1,0,0,0
30,16,13,53,21191,971,752,30,133,1,0,0,0
21,30,27,62,17392,490,1622,26,170,1,0,0,0
22,25,22,33,23740,637,815,26,161,1,0,0,0
3,11,8,51,24581,422,1967,28,164,1,0,0,0
5,28,25,107,7504,966,819,7,169,1,2,2,0
21,6,3,61,7772,943,868,3,38,1,0,0,0
4,17,14,70,11054,992,767,29,155,1,0,0,0
3,9,6,75,13879,934,1866,6,119,1,0,0,0
23,29,26,41,23685,568,682,30,146,1,0,0,0
11,13,10,78,8381,900,874,2,142,1,0,0,0
3,28,25,53,6852,587,1061,0,97,1,2,2,0
30,24,21,40,23820,488,1809,26,132,1,0,0,0
16,25,22,53,15058,481,555,22,177,1,0,0,0
25,6,3,41,18565,211,1924,25,165,1,0,0,0
7,15,12,23,28541,219,694,25,164,1,0,0,0
7,9,6,42,16286,800,953,22,160,1,0,0,0
9,23,20,37,11718,828,1870,26,129,1,0,0,0
7,10,7,34,22385,375,1119,18,135,1,0,0,0
19,9,6,23,8742,920,386,9,171,1,0,0,0
17,13,10,31,26774,288,901,16,141,1,0,0,0
8,7,4,71,9266,603,1174,28,89,1,0,0,0
7,7,4,25,14162,811,999,19,161,1,0,0,0
23,6,3,97,6177,768,161,19,84,1,1,1,0
20,8,5,28,20614,293,484,22,137,1,0,0,0
16,25,22,65,20198,211,222,23,176,1,1,2,1
4,25,22,85,10325,852,674,14,81,1,2,2,0
16,6,3,76,7594,410,35,9,24,1,1,1,1
3,21,18,26,6207,616,1224,15,3,1,1,1,0
11,10,7,58,9297,837,1688,9,40,1,0,0,0
23,6,3,46,12445,657,1544,1,118,1,0,0,0
4,26,23,84,8363,931,1213,21,147,1,0,1,0
30,30,27,61,6731,805,1498,27,173,1,0,0,0
28,27,24,36,10156,873,1920,13,165,1,0,0,0
22,8,5,76,10397,874,1333,10,103,1,0,1,0
8,12,9,99,6587,579,596,10,143,1,0,2,0
6,13,10,44,8575,743,234,24,113,1,0,0,0
28,17,14,29,9092,920,1934,28,157,1,0,0,0
6,30,27,23,6502,837,1563,1,79,1,0,0,0
7,6,3,59,7631,798,902,29,159,1,0,0,0
5,7,4,27,8115,804,1421,13,56,1,0,0,0
5,6,3,23,17266,636,1471,12,120,1,0,0,0
15,7,4,41,6473,744,921,21,116,1,0,0,0
21,27,24,26,7536,737,1878,17,137,1,0,0,0
17,11,8,38,27428,307,827,17,172,1,0,0,0
22,11,8,32,15011,947,890,16,136,1,0,0,0
23,24,21,35,16817,978,105,30,148,1,0,0,0
20,13,10,22,13840,923,1131,13,152,1,0,0,0
29,8,5,90,6526,653,669,24,94,1,1,1,0
7,7,4,26,16510,985,1281,11,108,1,0,0,0
3,7,4,84,13917,574,1345,22,174,1,0,0,0
14,9,6,36,8750,538,1383,15,156,1,0,0,0
28,7,4,64,6465,605,1559,29,104,1,0,1,0
12,23,20,39,26023,220,351,23,151,1,0,0,0
9,8,5,94,8275,782,1028,22,87,1,0,0,0
3,22,19,71,9387,562,729,14,81,1,2,2,0
4,7,4,92,12690,667,1043,24,71,1,0,1,0
3,27,24,51,10636,946,21,21,140,1,0,0,0
13,12,9,61,6047,714,996,10,145,1,0,0,0
22,6,3,66,11802,686,1536,23,147,1,0,0,0
3,8,5,23,6122,892,100,4,5,1,0,0,0
9,9,6,98,6204,901,1984,2,4,1,0,1,0
20,30,27,34,17074,836,1979,20,160,1,0,0,0
23,16,13,53,27717,785,1001,24,180,1,0,0,0
3,6,3,80,16523,909,1943,23,151,1,0,0,0
14,28,25,66,28394,714,1051,29,179,1,0,0,0
23,30,27,24,28895,617,1842,30,120,1,0,0,0
28,6,3,26,7415,937,243,2,5,1,0,0,0
18,30,27,22,7835,566,986,26,118,1,0,0,0
29,20,17,33,29938,893,1857,20,141,1,0,0,0
23,15,12,22,27052,705,1781,10,179,1,0,0,0
22,6,3,88,15453,846,154,25,118,1,0,1,0
28,9,6,40,16977,518,1600,30,157,1,0,0,0
27,16,13,34,24155,849,1233,15,150,1,0,0,0
14,6,3,76,7837,544,1023,11,113,1,0,1,0
4,15,12,88,8914,690,486,25,54,1,2,2,0
9,30,27,41,6911,913,1129,7,145,1,0,0,0
14,12,9,62,6452,870,785,17,105,1,0,0,0
8,6,3,99,12238,740,842,21,102,1,0,0,0
15,12,9,22,9594,410,1291,15,120,1,0,0,0
24,6,3,106,10914,889,1329,4,36,1,1,1,0
3,26,23,92,9519,493,1382,30,104,1,2,2,1
3,9,6,79,15751,775,516,8,156,1,0,0,0
15,15,12,31,6392,873,1436,26,79,1,0,0,0
12,19,16,62,6433,403,1239,29,175,1,0,0,0
9,6,3,32,7430,561,346,22,35,1,0,0,0
9,10,7,54,28517,835,19,23,151,1,0,0,0
11,8,5,35,7193,902,1991,4,179,1,0,0,0
23,7,4,28,6609,707,854,29,10,1,1,1,0
16,8,5,56,7024,900,179,18,39,1,0,0,0
24,19,16,28,22548,277,404,23,118,1,0,0,0
4,17,14,56,6659,809,1164,12,28,1,1,1,0
28,30,27,32,29542,377,1343,23,127,1,0,0,0
7,7,4,62,9543,531,1513,3,179,1,0,0,0
23,6,3,39,7968,554,624,23,105,1,0,0,0
6,18,15,87,8722,899,1637,29,126,1,0,0,0
3,28,25,53,13723,995,1196,7,69,1,1,1,0
4,6,3,69,6806,347,1808,4,76,1,0,0,0
30,17,14,48,9258,883,352,20,157,1,0,0,0
10,18,15,50,6009,723,1340,23,9,1,2,1,1
21,16,13,37,19743,928,1579,23,167,1,0,0,0
29,16,13,28,18057,875,31,23,148,1,0,0,0
23,23,20,70,12837,693,1033,25,165,1,0,0,0
18,16,13,30,27946,452,1208,22,166,1,0,0,0
3,19,16,55,7817,581,1965,13,154,1,0,0,0
3,18,15,85,12200,558,62,6,22,1,2,2,0
5,24,21,110,7390,929,1761,18,61,1,2,2,1
14,22,19,61,19740,874,417,26,147,1,0,0,0
16,19,16,68,16064,707,1486,30,166,1,0,0,0
14,28,25,44,25115,352,1042,20,179,1,0,0,0
6,14,11,73,10797,989,247,29,45,1,1,1,0
4,24,21,62,14572,967,1942,8,113,1,1,0,0
4,8,5,39,13381,967,1033,9,68,1,0,0,0
30,7,4,32,18648,888,1061,25,117,1,0,0,0
7,6,3,30,29959,507,441,15,141,1,0,0,0
5,7,4,33,6812,373,84,20,41,1,0,0,0
24,11,8,96,6338,868,947,9,166,1,0,1,0
12,26,23,64,10135,281,1878,29,161,1,0,1,0
22,25,22,45,12626,612,542,23,153,1,0,0,0
16,28,25,41,11575,638,262,24,163,1,0,0,0
25,13,10,24,12399,857,1436,17,139,1,0,0,0
4,20,17,79,18862,955,1625,27,175,1,0,0,0
5,15,12,107,15248,984,1722,24,109,1,1,2,0
6,16,13,97,10499,937,243,22,150,1,0,0,0
12,15,12,35,7690,935,666,19,51,1,0,0,0
12,20,17,34,19514,938,837,24,131,1,0,0,0
8,10,7,39,28772,980,1678,28,170,1,0,0,0
11,12,9,52,6074,760,1549,28,31,1,1,1,0
15,29,26,26,19504,652,966,11,162,1,0,0,0
6,27,24,71,9718,882,1632,11,175,1,0,0,0
6,10,7,64,12496,854,1459,23,135,1,0,0,0
8,22,19,72,7723,953,81,29,51,1,2,1,1
8,9,6,28,8771,901,1152,0,96,1,0,0,0
7,11,8,76,8241,657,1139,14,73,1,0,0,0
11,9,6,51,7679,248,1969,26,154,1,0,0,0
5,9,6,22,21947,572,1894,23,168,1,0,0,0
9,18,15,40,7329,810,1678,12,31,1,1,1,0
8,23,20,25,28419,958,559,20,170,1,0,0,0
13,12,9,26,27781,397,1695,20,149,1,0,0,0
3,25,22,68,12274,655,584,17,122,1,0,1,0
16,30,27,27,20749,434,456,30,116,1,0,0,0
6,24,21,67,9457,866,183,18,115,1,0,0,0
17,9,6,54,18340,443,1587,20,165,1,0,0,0
19,14,11,27,28726,629,1785,24,141,1,0,0,0
5,6,3,87,25780,966,529,11,141,1,0,0,0
8,17,14,57,7703,800,921,12,5,1,1,1,0
3,28,25,99,9445,926,370,14,32,1,2,2,1
3,13,10,26,29346,318,1866,25,159,1,0,0,0
5,6,3,60,12755,709,527,19,159,1,0,0,0
3,10,7,64,9686,572,668,11,50,1,0,0,0
17,22,19,23,19340,809,686,24,149,1,0,0,0
25,15,12,27,17672,623,971,30,125,1,0,0,0
13,25,22,37,28004,626,939,24,123,1,0,0,0
9,27,24,77,20689,648,1325,28,174,1,0,1,0
29,7,4,96,9573,976,1116,5,124,1,1,1,0
21,9,6,22,6057,910,137,24,45,1,0,0,0
13,20,17,45,21057,768,814,27,143,1,0,0,0
5,15,12,75,6803,674,472,15,150,1,0,0,0
16,21,18,29,13119,578,1618,30,167,1,1,0,0
3,7,4,103,10748,903,944,19,53,1,0,1,0
24,6,3,60,11385,665,1216,13,175,1,0,0,0
12,9,6,70,7582,966,869,4,122,1,0,0,0
30,8,5,45,20938,782,395,25,141,1,0,0,0
27,21,18,34,17689,848,1133,13,163,1,0,0,0
15,7,4,110,11278,963,1320,17,87,1,0,1,0
29,6,3,102,6707,844,462,26,109,1,1,1,0
21,24,21,78,17848,764,391,28,176,1,0,0,0
7,9,6,53,23814,954,562,28,132,1,0,0,0
11,24,21,45,12184,407,1185,23,163,1,0,0,0
7,21,18,36,12709,737,334,30,163,1,0,0,0
12,26,23,27,26987,456,1048,10,159,1,0,0,0
5,9,6,83,29799,562,431,29,167,1,0,0,0
26,11,8,27,11997,551,510,28,122,1,0,0,0
19,12,9,69,22838,345,624,28,179,1,0,0,0
3,18,15,41,12197,606,1439,23,125,1,0,0,0
19,8,5,39,8301,913,1194,11,145,1,0,0,0
3,24,21,57,6899,640,1632,29,118,1,0,0,0
28,14,11,54,8548,373,91,25,161,1,0,0,0
30,7,4,92,6248,524,1089,27,87,1,1,1,1
15,29,26,24,21667,913,1533,19,180,1,0,0,0
21,7,4,36,24956,458,2000,17,174,1,0,0,0
29,29,26,56,16958,502,1868,22,167,1,0,0,0
3,20,17,110,11415,571,72,27,70,1,2,2,1
9,27,24,23,6282,834,1593,15,34,1,1,1,0
28,16,13,35,14510,617,912,25,121,1,0,0,0
4,16,13,74,8600,616,1833,29,154,1,0,0,0
4,12,9,52,16084,547,134,18,162,1,0,0,0
5,6,3,38,25869,588,1242,29,147,1,0,0,0
4,22,19,63,8923,729,784,26,150,1,0,0,0
25,26,23,44,16441,338,1760,17,157,1,0,0,0
5,15,12,73,7731,875,1213,24,134,1,0,0,0
26,10,7,40,28728,387,1803,16,174,1,0,0,0
14,29,26,36,13690,498,1918,24,139,1,0,0,0
3,18,15,98,16899,973,301,0,110,1,1,2,0
27,30,27,36,12211,219,1550,21,163,1,0,0,0
20,20,17,30,21463,986,1295,26,151,1,0,0,0
11,7,4,65,26708,616,769,27,156,1,0,0,0
23,12,9,48,11456,561,1999,28,147,1,0,0,0
5,7,4,58,11284,916,553,15,35,1,0,0,0
4,14,11,36,15836,265,764,26,169,1,0,0,0
8,27,24,23,7560,465,1077,25,180,1,1,0,0
23,10,7,26,7462,917,104,1,14,1,0,0,0
6,11,8,48,9228,689,127,26,18,1,1,1,0
8,26,23,66,20771,530,1372,30,168,1,0,0,0
27,10,7,53,27239,416,1305,19,177,1,0,0,0
5,6,3,107,12022,816,634,18,53,1,0,1,0
7,9,6,34,18353,205,121,15,171,1,0,0,0
27,8,5,81,7774,995,1092,16,104,1,0,1,0
3,27,24,109,16118,913,781,24,109,1,2,2,0
3,13,10,86,16504,821,1436,12,102,1,0,0,0
6,6,3,93,8884,423,528,5,12,1,0,1,0
19,7,4,46,6937,561,1036,29,108,1,0,0,0
21,22,19,23,24105,772,1139,11,142,1,0,0,0
26,11,8,43,9464,554,277,30,144,1,0,0,0
21,10,7,37,8779,333,1822,16,146,1,0,0,0
11,23,20,35,29944,776,1342,22,174,1,0,0,0
10,8,5,78,9527,962,402,7,102,1,0,0,0
25,24,21,56,7970,342,1150,26,154,1,0,1,0
5,7,4,93,15785,788,1330,1,93,1,0,0,0
24,19,16,55,15059,579,207,24,167,1,0,0,0
11,20,17,58,24890,513,641,30,131,1,0,0,0
4,27,24,29,9548,718,439,15,165,1,0,0,0
30,28,25,31,19992,264,678,27,168,1,1,0,0
6,7,4,32,13591,751,1231,30,76,1,0,0,0
12,10,7,24,12523,705,878,24,160,1,0,0,0
9,7,4,97,11947,663,797,20,57,1,0,2,0
13,9,6,67,11407,949,1414,7,165,1,0,0,0
5,16,13,49,12939,250,666,17,174,1,0,1,0
4,13,10,79,6357,634,1001,16,58,1,1,1,0
4,10,7,71,12302,757,699,28,30,1,1,1,0
6,21,18,51,9128,846,915,15,169,1,0,0,0
5,6,3,35,9926,620,1768,8,157,1,0,0,0
11,22,19,30,12511,263,174,26,151,1,0,0,0
14,23,20,26,28484,874,1750,24,121,1,0,0,0
11,24,21,36,10148,954,175,29,137,1,0,0,0
9,12,9,91,7525,666,233,5,129,1,0,0,0
19,7,4,51,14309,964,470,29,54,1,0,0,0
6,6,3,38,14960,781,1052,16,171,1,0,0,0
14,23,20,48,26606,241,524,19,155,1,0,1,0
3,16,13,83,18821,830,1644,12,54,1,1,1,0
3,13,10,54,7307,845,1139,9,117,1,0,0,0
9,8,5,63,27807,410,1438,30,180,1,0,0,0
19,10,7,88,8730,931,1256,12,69,1,0,2,0
6,9,6,36,7489,804,380,28,30,1,0,1,0
18,25,22,49,22988,578,1823,26,142,1,0,0,0
20,6,3,97,11003,715,1150,7,68,1,1,1,0
4,7,4,36,24230,884,1699,20,12,1,0,0,0
7,16,13,90,6775,696,1405,17,6,1,2,2,0
7,7,4,108,11762,780,665,25,72,1,0,2,0
25,6,3,30,28032,632,1124,29,122,1,0,0,0
9,6,3,102,12817,922,898,16,95,1,0,0,0
25,10,7,28,12493,958,1128,14,164,1,0,0,0
12,6,3,57,18698,872,1212,7,81,1,0,0,0
21,17,14,44,14448,767,1160,17,179,1,0,0,0
26,20,17,23,9218,285,278,17,156,1,0,0,0
5,16,13,22,10191,699,1316,16,85,1,0,0,0
8,10,7,66,10884,862,1705,13,74,1,0,0,0
5,8,5,62,6724,554,486,3,97,1,0,0,0
3,20,17,45,10429,803,553,27,119,1,0,0,0
28,17,14,31,29945,434,1118,24,158,1,0,0,0
3,7,4,81,12052,881,1573,17,90,1,0,0,0
9,7,4,58,12991,938,562,0,67,1,0,0,0
11,18,15,61,6905,939,1629,12,89,1,0,0,0
21,30,27,23,15601,281,50,20,134,1,0,0,0
29,25,22,76,27850,687,1533,30,149,1,0,0,0
11,12,9,58,9765,966,1337,4,57,1,0,0,0
26,29,26,38,20027,314,781,25,127,1,0,0,0
25,6,3,85,8820,900,45,13,37,1,1,1,0
15,26,23,39,22710,287,463,18,171,1,0,0,0
27,23,20,43,19238,287,137,20,155,1,0,0,0
3,23,20,29,8661,817,1355,25,160,1,0,0,0
7,25,22,51,9173,919,987,16,59,1,2,1,0
6,7,4,83,13499,991,1773,26,80,1,0,0,0
7,9,6,63,13960,969,770,21,9,1,0,1,0
25,11,8,54,28307,434,359,28,133,1,0,0,0
13,10,7,49,7503,901,773,18,161,1,0,0,0
9,14,11,101,7957,907,1302,8,173,1,0,0,0
3,17,14,41,8054,421,339,27,26,1,2,1,0
22,29,26,32,29772,908,790,21,169,1,0,0,0
4,10,7,104,9299,657,371,22,56,1,1,2,0
23,10,7,32,8847,444,1584,18,139,1,0,0,0
26,20,17,22,16201,906,1649,29,121,1,0,0,0
6,15,12,33,9182,911,1184,1,16,1,0,0,0
4,16,13,32,20474,707,1618,13,167,1,0,0,0
7,8,5,54,19340,519,546,25,177,1,0,0,0
22,9,6,35,25680,388,1899,30,173,1,0,0,0
21,23,20,64,9088,570,897,30,139,1,0,0,0
6,6,3,42,28121,398,666,22,179,1,0,0,0
5,6,3,81,16580,770,1485,19,120,1,0,0,0
5,18,15,89,8421,762,1954,4,151,1,1,2,0
19,9,6,61,6841,901,1203,11,8,1,0,0,0
9,8,5,50,6498,463,1040,1,87,1,0,0,0
30,20,17,68,13341,864,1273,30,180,1,0,0,0
25,15,12,60,28719,460,1276,30,174,1,0,0,0
14,13,10,57,6117,735,743,2,59,1,0,0,0
12,10,7,93,8995,935,1560,4,75,1,0,2,0
4,9,6,24,10987,763,852,28,75,1,0,0,0
4,7,4,33,7622,809,255,13,116,1,0,0,0
15,16,13,33,24333,758,989,21,171,1,0,0,0
6,27,24,77,9311,996,41,5,130,1,2,2,0
13,25,22,24,17228,839,1310,27,133,1,0,0,0
20,15,12,24,27353,710,239,20,117,1,0,0,0
5,6,3,77,13265,563,1325,3,145,1,0,0,0
23,22,19,48,20013,882,1442,27,131,1,0,0,0
3,13,10,99,9116,781,785,12,132,1,0,0,0
16,27,24,46,24103,259,911,17,170,1,0,1,0
3,18,15,102,16874,891,1988,8,161,1,1,2,0
30,17,14,40,10369,839,650,24,125,1,0,0,0
5,9,6,86,11685,892,407,24,85,1,0,0,0
25,10,7,101,8471,938,59,17,17,1,2,2,1
16,20,17,22,27311,832,317,28,179,1,1,0,0
3,26,23,94,7521,695,598,21,152,1,1,1,0
4,12,9,105,11557,986,1914,1,114,1,0,1,0
27,7,4,107,9146,729,1340,21,43,1,1,2,1
12,10,7,110,6479,884,70,22,112,1,0,1,0
6,20,17,23,14048,486,1761,14,149,1,0,0,0
17,19,16,23,16664,827,1220,20,147,1,0,0,0
10,20,17,25,7608,811,1054,10,165,1,0,0,0
30,18,15,87,12616,297,1103,30,175,1,0,2,0
28,11,8,47,6893,950,974,14,25,1,0,0,0
3,13,10,25,23569,830,302,23,146,1,0,0,0
18,24,21,32,23291,942,1482,25,146,1,0,0,0
25,14,11,32,13370,774,1585,22,145,1,0,0,0
14,29,26,22,13356,871,1893,14,159,1,0,0,0
4,24,21,60,6434,819,997,12,23,1,2,1,1
7,8,5,50,9589,817,1012,13,120,1,0,0,0
22,7,4,89,8636,987,780,8,34,1,0,1,0
10,9,6,63,13556,975,572,18,35,1,0,1,0
11,23,20,79,6169,824,1951,13,150,1,0,1,0
13,8,5,80,11626,836,591,1,43,1,0,0,0
3,10,7,102,12406,771,1006,27,11,1,1,1,0
25,24,21,68,11714,864,405,27,178,1,0,0,0
11,26,23,30,25699,300,152,27,171,1,1,0,0
24,15,12,24,7228,638,1313,19,142,1,0,0,0
17,23,20,82,25395,229,1003,29,177,1,1,2,1
23,6,3,35,10355,899,1485,5,140,1,0,0,0
10,12,9,49,6359,575,1847,9,128,1,0,0,0
13,17,14,67,6482,936,1075,20,166,1,0,0,0
5,6,3,97,11548,862,725,24,75,1,0,0,0
26,27,24,35,8592,682,1838,19,171,1,0,0,0
25,22,19,46,24792,306,243,27,169,1,0,0,0
12,10,7,65,8705,764,1025,8,25,1,0,0,0
11,22,19,51,16236,852,1243,22,142,1,0,0,0
12,7,4,58,11209,891,1635,10,49,1,0,0,0
23,12,9,37,21889,602,1554,24,122,1,0,0,0
26,9,6,99,10233,938,1004,13,95,1,1,1,1
3,9,6,29,22352,900,637,14,58,1,0,0,0
3,25,22,51,25964,269,1954,29,165,1,0,0,0
7,15,12,93,6388,787,250,22,14,1,2,2,1
5,22,19,29,7965,652,1624,12,29,1,1,0,0
28,6,3,29,13461,341,1702,22,171,1,0,0,0
12,8,5,70,9496,808,569,18,91,1,0,0,0
22,12,9,36,7649,281,312,28,119,1,0,0,0
11,10,7,76,10426,977,1636,0,111,1,0,0,0
13,7,4,74,23832,638,35,26,180,1,0,0,0
20,7,4,77,6754,979,799,8,4,1,0,1,0
26,10,7,101,9168,981,362,23,21,1,2,2,1
5,11,8,61,9720,854,951,16,132,1,0,0,0
6,12,9,59,6418,971,970,22,177,1,0,0,0
3,7,4,40,10965,776,1534,9,145,1,0,0,0
22,10,7,85,6104,859,366,0,174,1,0,1,0
3,30,27,33,12166,671,1990,8,169,1,0,0,0
10,21,18,34,23650,570,701,29,145,1,0,0,0
26,26,23,66,22728,267,888,29,141,1,1,2,0
13,25,22,26,15858,291,1578,15,147,1,0,0,0
9,22,19,29,14840,370,1279,24,166,1,0,0,0
11,15,12,109,7152,794,846,21,128,1,0,2,0
10,19,16,28,24325,653,732,17,152,1,0,0,0
26,25,22,28,14926,953,1301,11,163,1,0,0,0
12,28,25,34,16219,852,458,20,169,1,0,0,0
4,30,27,52,9770,612,868,9,169,1,0,0,0
7,28,25,22,15970,704,1447,23,155,1,0,0,0
21,21,18,24,28606,934,1884,18,164,1,0,0,0
7,19,16,32,26827,466,948,27,154,1,0,0,0
13,11,8,27,11130,367,1335,29,153,1,0,0,0
3,9,6,67,21997,882,1914,0,104,1,0,0,0
4,23,20,105,15328,962,1711,8,92,1,2,2,0
13,17,14,69,20489,619,1839,30,167,1,0,0,0
21,9,6,34,7755,951,419,19,105,1,0,0,0
11,6,3,65,6715,401,391,6,62,1,0,1,0
3,29,26,102,6931,368,1016,29,6,1,2,3,2
28,7,4,89,12749,982,182,9,102,1,1,1,0
22,7,4,105,6487,938,97,2,172,1,1,1,0
10,26,23,23,8350,398,601,25,171,1,1,0,0
27,7,4,43,18847,335,93,19,147,1,0,0,0
8,6,3,56,11158,557,1148,18,112,1,0,0,0
18,10,7,28,13301,893,369,10,158,1,0,0,0
11,12,9,31,6721,655,252,27,120,1,0,0,0
3,26,23,23,9785,658,1441,12,159,1,0,0,0
4,8,5,101,19031,843,1203,22,18,1,1,1,0
19,25,22,24,13284,816,1411,27,113,1,0,0,0
16,13,10,50,24170,678,481,24,177,1,0,0,0
16,24,21,34,15769,604,143,20,144,1,0,0,0
29,6,3,106,15739,842,1052,9,103,1,1,1,1
16,8,5,72,8982,988,1373,16,38,1,0,1,0
5,8,5,71,15667,876,1685,28,113,1,0,0,0
3,23,20,102,10167,587,1024,11,116,1,2,2,0
9,26,23,71,7449,946,318,29,156,1,0,0,0
11,10,7,56,9635,770,458,10,24,1,0,0,0
26,7,4,64,6513,753,1795,10,86,1,0,1,0
4,13,10,93,7712,987,1025,18,144,1,0,0,0
13,20,17,59,27497,537,250,21,176,1,0,0,0
4,6,3,99,21222,876,357,9,169,1,0,0,0
3,25,22,37,20485,428,743,27,143,1,0,0,0
7,11,8,33,10681,726,1821,12,114,1,0,0,0
23,28,25,32,28049,546,1581,23,123,1,0,0,0
8,29,26,35,18708,877,1800,24,173,1,0,0,0
25,6,3,32,8367,656,856,14,165,1,0,0,0
12,8,5,107,6046,530,1183,5,80,1,0,2,0
9,24,21,74,6630,903,176,27,111,1,0,0,0
28,8,5,23,18305,410,1809,14,177,1,0,0,0
4,23,20,83,6388,914,1641,4,10,1,2,2,0
5,21,18,62,29589,233,540,30,154,1,0,1,0
3,8,5,109,13343,981,1580,28,39,1,1,1,0
21,7,4,44,8853,213,1200,30,126,1,0,0,0
7,18,15,105,10177,885,581,3,130,1,2,2,1
14,30,27,34,10961,320,1537,27,121,1,0,0,0
8,9,6,104,6951,873,1377,25,176,1,0,0,0
4,10,7,46,7513,225,465,24,147,1,0,0,0
28,6,3,96,15013,877,1646,23,49,1,1,2,0
3,24,21,62,12661,904,943,9,154,1,0,0,0
18,26,23,25,13229,755,1340,30,175,1,1,1,0
29,29,26,78,21911,661,1450,30,151,1,0,1,0
7,14,11,44,28328,480,1170,25,156,1,0,0,0
17,28,25,43,26214,780,1820,21,145,1,0,0,0
4,28,25,79,6799,423,1295,13,27,1,2,2,2
15,29,26,40,27471,204,1802,21,138,1,0,1,0
29,20,17,35,7905,718,641,30,177,1,0,0,0
3,16,13,82,11906,809,928,12,92,1,1,1,0
15,26,23,44,7099,613,144,22,166,1,0,0,0
16,6,3,89,9939,742,893,23,123,1,0,1,0
6,11,8,22,9543,917,1920,24,149,1,0,0,0
21,26,23,26,26121,895,166,28,178,1,1,1,0
8,14,11,51,8871,956,1022,1,23,1,0,0,0
14,6,3,24,6897,642,1426,4,151,1,0,0,0
5,15,12,49,8786,835,1333,15,56,1,0,0,0
9,16,13,59,24371,792,1763,25,154,1,0,0,0
24,11,8,46,19272,476,1587,19,160,1,0,0,0
9,12,9,44,7534,632,1354,14,104,1,0,0,0
7,19,16,57,10606,998,1751,27,167,1,0,0,0
14,14,11,40,7712,955,1646,24,87,1,0,0,0
28,21,18,35,15008,892,306,27,178,1,0,0,0
5,7,4,70,12185,772,688,0,158,1,0,0,0
27,25,22,33,26916,930,1353,30,139,1,0,0,0
5,16,13,78,8795,784,341,2,175,1,0,0,0
9,19,16,44,20051,783,1307,28,152,1,0,0,0
8,22,19,94,9034,963,921,2,157,1,2,2,0
25,19,16,39,16696,548,1244,18,174,1,0,0,0
15,19,16,32,28457,820,1155,24,163,1,0,0,0
5,6,3,58,12000,653,188,28,17,1,0,1,0
3,6,3,86,25332,805,1123,19,20,1,0,1,0
3,22,19,51,7940,903,708,2,172,1,0,0,0
5,28,25,42,13737,462,683,26,142,1,0,0,0
17,16,13,32,13361,633,721,26,178,1,0,0,0
26,17,14,39,25065,420,365,18,169,1,0,0,0
6,29,26,87,6461,924,928,25,113,1,2,2,0
22,13,10,46,19931,337,395,25,168,1,0,0,0
3,6,3,40,20378,593,91,10,62,1,0,0,0
6,27,24,86,8955,810,365,18,127,1,2,1,0
25,6,3,37,21567,256,465,26,162,1,0,0,0
3,27,24,83,13384,912,147,18,56,1,2,2,1
14,22,19,22,26884,553,869,11,168,1,0,0,0
12,28,25,59,27567,477,710,23,165,1,0,0,0
16,9,6,77,7673,690,1909,11,30,1,0,2,0
4,29,26,35,23337,359,1517,29,149,1,0,0,0
20,29,26,52,22595,507,271,30,172,1,0,0,0
27,15,12,26,29484,257,598,11,156,1,0,0,0
4,21,18,27,14112,210,1551,15,162,1,0,0,0
3,6,3,58,13663,768,77,0,23,1,0,0,0
6,16,13,98,6999,756,652,26,84,1,2,2,0
23,23,20,30,27852,360,869,29,173,1,1,0,0
11,19,16,22,26778,847,1986,14,137,1,0,0,0
9,11,8,50,22080,593,1284,29,151,1,0,0,0
3,23,20,43,8947,936,1629,4,106,1,0,0,0
27,12,9,41,15041,293,1524,20,158,1,0,0,0
12,15,12,41,19249,235,882,17,158,1,0,0,0
7,7,4,88,14201,760,1461,22,160,1,0,0,0
17,21,18,31,8523,870,276,21,175,1,0,0,0
14,14,11,29,13384,267,524,22,172,1,0,0,0
29,16,13,41,27048,974,889,29,135,1,0,0,0
30,6,3,31,6743,525,1445,27,42,1,1,1,0
22,6,3,56,8541,623,1212,16,89,1,0,1,0
7,12,9,77,11245,927,1797,23,110,1,0,0,0
28,27,24,34,8290,955,1970,18,159,1,0,0,0
4,25,22,40,11417,898,300,4,177,1,0,0,0
5,13,10,23,13200,752,58,30,158,1,0,0,0
18,24,21,25,6702,490,704,17,156,1,0,0,0
20,22,19,31,7591,690,610,18,173,1,0,0,0
19,12,9,86,7823,935,1012,9,101,1,0,1,0
25,6,3,25,20318,314,1847,9,174,1,0,0,0
23,30,27,51,17684,742,661,23,164,1,0,0,0
4,30,27,71,8039,799,445,27,6,1,2,2,2
4,29,26,51,9647,661,1564,27,62,1,2,1,1
24,7,4,55,6914,722,172,15,171,1,0,0,0
23,12,9,23,7095,400,1292,14,153,1,0,0,0
26,30,27,22,15143,776,1066,27,112,1,0,0,0
22,11,8,58,11524,532,1666,21,158,1,0,0,0
10,10,7,33,16778,976,1933,24,164,1,0,0,0
19,7,4,25,6760,496,192,25,155,1,0,0,0
14,18,15,46,23876,243,17,27,163,1,0,0,0
10,18,15,42,13292,383,1077,25,144,1,0,0,0
5,24,21,37,9694,829,1119,8,69,1,0,0,0
29,21,18,44,11084,269,900,30,122,1,0,1,0
4,22,19,69,6018,656,1350,16,164,1,0,0,0
18,16,13,43,20503,343,1066,23,160,1,0,0,0
3,29,26,82,11769,937,1618,16,28,1,2,2,1
11,6,3,27,13438,655,942,21,70,1,0,0,0
19,6,3,56,19943,309,319,30,163,1,0,0,0
22,19,16,49,22755,394,379,30,141,1,0,0,0
24,22,19,58,12140,798,835,23,165,1,0,0,0
10,8,5,25,24037,233,508,19,127,1,0,0,0
3,22,19,35,28531,645,639,26,163,1,0,0,0
21,9,6,42,11598,352,1878,23,145,1,0,0,0
3,25,22,73,13443,823,1913,4,85,1,2,2,0
26,8,5,30,25856,296,325,17,141,1,0,0,0
3,18,15,22,9691,553,1731,3,104,1,0,0,0
3,21,18,58,24606,906,528,23,156,1,0,0,0
4,24,21,79,10640,778,558,8,13,1,2,2,0
13,13,10,71,6960,453,248,30,169,1,0,0,0
23,30,27,45,14579,668,1904,23,164,1,0,0,0
7,7,4,28,14636,358,1291,21,123,1,0,0,0
28,20,17,35,15162,844,179,29,124,1,0,0,0
4,26,23,64,14098,972,683,8,133,1,1,0,0
4,21,18,46,21361,873,125,22,145,1,0,0,0
5,7,4,51,18653,890,219,3,161,1,0,0,0
5,18,15,53,10939,993,872,18,128,1,0,0,0
15,7,4,61,6422,763,631,3,39,1,0,0,0
4,29,26,55,23604,726,22,28,157,1,0,0,0
8,17,14,33,6149,944,1624,22,176,1,0,0,0
16,12,9,58,20135,613,877,25,143,1,0,0,0
5,28,25,23,19450,907,1645,29,153,1,1,0,0
12,13,10,109,6837,923,402,17,58,1,1,3,0
20,8,5,57,8753,725,1963,20,134,1,0,0,0
21,29,26,61,12578,222,212,30,150,1,1,1,1
21,8,5,36,11562,883,940,8,177,1,0,0,0
5,30,27,107,6805,927,1593,0,11,1,2,2,1
17,6,3,94,8354,978,1645,17,11,1,0,2,0
10,10,7,40,11047,840,1665,28,138,1,0,0,0
7,7,4,42,6500,884,237,16,17,1,0,0,0
4,28,25,66,6671,428,1042,7,147,1,2,1,0
5,28,25,56,8668,854,91,24,28,1,2,1,1
11,9,6,61,18642,706,1102,25,172,1,0,0,0
16,30,27,45,7380,524,1726,28,176,1,0,0,0
4,16,13,28,13360,775,948,23,108,1,0,0,0
11,6,3,94,12338,871,85,20,46,1,0,2,0
15,14,11,32,10160,238,1948,18,139,1,0,0,0
27,27,24,56,18263,365,759,30,130,1,0,1,0
4,14,11,47,10131,752,1386,22,31,1,1,1,0
29,20,17,36,15010,650,1365,20,138,1,0,0,0
10,24,21,47,24327,293,834,25,171,1,0,0,0
8,6,3,74,7132,650,34,7,49,1,0,0,0
18,22,19,41,11745,455,595,18,159,1,0,0,0
12,7,4,25,8619,629,1946,15,165,1,0,0,0
14,6,3,30,8231,675,1324,18,135,1,0,0,0
19,18,15,57,10518,875,1525,25,175,1,0,0,0
17,8,5,29,11396,861,1881,3,148,1,0,0,0
22,12,9,45,27079,821,1419,22,152,1,0,0,0
22,18,15,40,20867,680,580,24,133,1,0,0,0
28,20,17,69,13242,692,636,29,154,1,0,0,0
8,9,6,99,10116,742,1634,3,51,1,0,1,0
29,12,9,39,19733,611,657,28,169,1,0,0,0
6,6,3,96,8990,945,645,8,173,1,0,0,0
29,8,5,43,11607,544,1868,23,163,1,0,0,0
18,6,3,28,11789,914,429,16,3,1,0,0,0
12,21,18,27,24747,472,1676,17,142,1,0,0,0
6,28,25,28,19139,320,1695,18,166,1,0,0,0
4,30,27,31,24572,637,1020,24,126,1,0,0,0
13,6,3,105,8555,560,1034,12,18,1,0,2,0
19,8,5,104,9907,803,116,12,112,1,0,1,0
29,9,6,25,11475,249,1807,11,140,1,0,0,0
24,9,6,86,10119,940,775,16,137,1,0,1,0
30,7,4,95,6421,521,1734,4,137,1,1,1,1
27,8,5,48,18635,742,1380,25,146,1,0,0,0
4,19,16,23,9796,902,1625,18,148,1,0,0,0
4,11,8,77,11827,821,1648,28,20,1,1,1,0
10,25,22,72,21241,499,1400,30,154,1,0,1,0
19,7,4,37,25680,463,384,27,155,1,0,0,0
5,13,10,27,29724,227,118,20,131,1,0,0,0
11,16,13,31,10437,202,1549,21,134,1,0,0,0
3,25,22,35,17758,981,454,16,169,1,0,0,0
11,6,3,83,14294,826,82,15,9,1,0,2,0
6,30,27,77,6706,987,1486,3,125,1,2,2,0
17,17,14,29,21562,661,1857,12,148,1,0,0,0
8,24,21,37,16431,889,402,26,179,1,0,0,0
16,23,20,28,12599,871,603,30,164,1,1,0,0
4,11,8,49,6707,750,1536,28,24,1,1,1,0
14,20,17,43,25658,264,308,23,147,1,0,0,0
27,9,6,61,6244,713,1738,26,160,1,0,0,0
27,6,3,24,14713,909,1985,1,79,1,0,0,0
6,18,15,102,7703,735,202,0,176,1,2,2,0
14,11,8,39,8417,884,1299,11,93,1,0,0,0
7,7,4,59,12312,898,14,26,118,1,0,0,0
22,19,16,45,17576,887,738,23,143,1,0,0,0
5,17,14,101,11179,909,327,5,126,1,1,2,0
24,20,17,34,19548,857,1244,24,142,1,0,0,0
10,14,11,31,20204,919,744,23,154,1,0,0,0
3,21,18,50,13117,658,839,0,174,1,0,0,0
15,9,6,102,7199,758,1088,7,60,1,0,2,0
3,28,25,103,7765,513,1313,1,64,1,2,2,1
18,29,26,35,14611,288,934,17,137,1,0,0,0
21,24,21,40,15493,907,59,16,178,1,0,0,0
6,20,17,71,8672,733,657,10,177,1,0,0,0
3,30,27,65,13205,674,1180,17,146,1,0,1,0
23,16,13,24,13114,259,39,21,113,1,0,0,0
11,17,14,30,7904,988,1089,7,22,1,0,0,0
8,14,11,58,20518,753,505,25,144,1,0,0,0
3,14,11,66,8816,776,1261,4,140,1,0,0,0
5,11,8,51,7474,893,1164,30,111,1,0,0,0
15,8,5,35,6220,430,792,22,131,1,0,0,0
5,9,6,49,12466,659,1854,4,9,1,0,0,0
3,10,7,81,6571,848,1945,22,111,1,0,0,0
12,10,7,96,8178,758,79,21,51,1,1,2,0
15,30,27,38,18154,538,903,15,168,1,0,0,0
7,7,4,75,16795,822,891,11,47,1,0,0,0
13,6,3,30,17574,851,126,22,33,1,0,0,0
5,6,3,78,8583,815,325,3,18,1,0,0,0
30,24,21,43,9527,637,1888,28,171,1,0,0,0
27,18,15,56,28576,375,634,28,153,1,0,0,0
3,28,25,76,8994,611,889,3,85,1,2,2,0
30,24,21,40,21849,662,1,27,136,1,0,0,0
18,23,20,22,20742,840,603,18,145,1,0,0,0
5,10,7,42,15132,910,1547,19,129,1,0,0,0
15,8,5,24,6941,938,245,9,22,1,0,0,0
12,25,22,29,16303,614,285,21,173,1,0,0,0
5,15,12,61,8813,605,1246,16,10,1,1,1,0
8,26,23,23,14836,812,62,20,147,1,0,0,0
29,8,5,68,9625,807,251,7,99,1,1,1,1
25,22,19,27,18390,266,1915,23,158,1,0,0,0
4,24,21,58,10503,650,1455,12,152,1,0,0,0
24,23,20,22,10865,575,556,17,139,1,0,0,0
16,18,15,40,24793,827,769,29,146,1,0,0,0
4,8,5,95,11826,937,357,23,83,1,0,0,0
28,7,4,44,19399,813,1674,26,158,1,0,0,0
7,15,12,48,14507,344,27,18,159,1,0,0,0
28,23,20,51,14415,734,1168,30,130,1,0,0,0
3,17,14,83,8223,743,458,17,125,1,0,0,0
3,19,16,25,10656,818,1000,28,141,1,0,0,0
9,8,5,82,7544,989,1790,8,23,1,0,0,0
5,18,15,26,28231,353,40,22,164,1,0,0,0
3,7,4,23,6424,928,1024,9,133,1,0,0,0
3,6,3,99,18653,599,1808,19,148,1,0,0,0
6,11,8,48,23573,280,18,25,172,1,0,0,0
6,21,18,58,14717,746,622,24,166,1,0,0,0
12,17,14,49,6874,819,323,17,75,1,0,0,0
23,14,11,38,24923,722,1986,20,158,1,0,0,0
5,25,22,35,10266,865,1188,24,64,1,1,1,0
15,16,13,54,18732,213,1300,19,176,1,0,1,0
8,7,4,49,8205,965,1118,24,123,1,0,0,0
16,7,4,51,6391,452,1268,10,69,1,0,0,0
22,7,4,54,9165,958,676,0,122,1,0,0,0
8,10,7,41,7457,867,1260,7,21,1,0,0,0
24,13,10,66,17272,421,1340,29,165,1,0,0,0
9,24,21,24,25599,537,1824,9,170,1,0,0,0
19,10,7,30,18768,265,7,30,157,1,0,0,0
16,30,27,69,12581,418,1928,27,157,1,0,1,0
8,17,14,28,7667,688,741,21,171,1,0,0,0
13,23,20,72,26819,899,1219,26,166,1,0,0,0
13,7,4,51,15698,916,962,12,124,1,0,0,0
4,6,3,110,23623,963,1766,26,104,1,0,0,0
4,24,21,101,6357,417,1057,11,127,1,2,2,2
14,13,10,24,26424,784,1493,25,132,1,0,0,0
21,12,9,39,27392,501,1721,18,180,1,0,0,0
27,8,5,33,22915,758,1918,28,146,1,0,0,0
24,14,11,29,7737,318,1214,18,127,1,0,0,0
11,6,3,77,10204,925,114,10,128,1,0,0,0
30,9,6,31,17027,856,259,14,138,1,0,0,0
29,14,11,31,21320,909,1267,28,151,1,0,0,0
16,28,25,33,20105,587,1516,18,163,1,0,0,0
19,18,15,26,6106,941,649,26,59,1,0,0,1
3,27,24,108,9907,536,533,23,26,1,2,2,2
3,20,17,97,13752,851,619,16,23,1,2,2,1
3,12,9,74,8952,899,1997,15,44,1,1,1,0
30,17,14,75,15211,678,44,28,160,1,0,0,0
29,13,10,51,14832,739,1302,27,168,1,0,0,0
5,26,23,45,11979,278,632,28,161,1,0,0,0
26,6,3,67,13613,957,1055,28,39,1,1,2,0
16,10,7,90,8446,769,1370,19,91,1,0,1,1
4,8,5,105,9664,907,502,29,9,1,1,1,0
23,10,7,54,7777,963,1083,14,82,1,0,0,0
24,20,17,22,22754,717,537,29,146,1,0,0,0
5,6,3,82,21748,928,946,15,49,1,0,0,0
7,17,14,24,6695,357,1814,30,168,1,0,0,0
